{
    "Model_A_NDVI": {
        "training_time_seconds": 0.62,
        "train_r2": 0.9532,
        "test_r2": 0.8756,
        "train_rmse": 0.0408,
        "test_rmse": 0.0658,
        "cv_5fold_mean": 0.8785,
        "cv_5fold_std": 0.0033,
        "feature_importances": {
            "clay_pct": 0.09029091894626617,
            "sand_pct": 0.12400727719068527,
            "pH": 0.15786142647266388,
            "avg_monthly_rainfall_mm": 0.058103255927562714,
            "avg_root_zone_wetness": 0.08163557201623917,
            "groundwater_depth_m": 0.4881015717983246
        }
    },
    "Model_B_Soil": {
        "training_time_seconds": 0.88,
        "train_accuracy": 0.9282,
        "test_accuracy": 0.9271,
        "test_precision": 0.9302,
        "test_recall": 0.9271,
        "test_f1_score": 0.906,
        "cv_5fold_mean": 0.9281,
        "cv_5fold_std": 0.0016,
        "confusion_matrix": [
            [
                4009,
                3
            ],
            [
                320,
                96
            ]
        ],
        "feature_importances": {
            "pH": 0.33178676083095443,
            "nitrogen_g_per_kg": 0.10299015996838881,
            "clay_pct": 0.30432194582126537,
            "sand_pct": 0.1361833281461003,
            "silt_pct": 0.12471780523329103
        }
    },
    "Model_C_Water": {
        "training_time_seconds": 0.76,
        "train_r2": 0.9663,
        "test_r2": 0.9595,
        "train_rmse": 0.9109,
        "test_rmse": 1.0042,
        "cv_5fold_mean": 0.9583,
        "cv_5fold_std": 0.0022,
        "feature_importances": {
            "avg_monthly_rainfall_mm": 0.050148725509643555,
            "avg_root_zone_wetness": 0.0456399992108345,
            "avg_humidity_pct": 0.06539826095104218,
            "groundwater_depth_m": 0.8388130068778992
        }
    },
    "Model_D_Credit_Risk": {
        "training_time_seconds": 0.07,
        "train_accuracy": 0.9298,
        "test_accuracy": 0.9302,
        "test_precision": 0.9312,
        "test_recall": 0.9985,
        "test_f1_score": 0.9637,
        "cv_5fold_mean": 0.9299,
        "cv_5fold_std": 0.0008,
        "confusion_matrix": [
            [
                17,
                303
            ],
            [
                6,
                4102
            ]
        ],
        "feature_importances": {
            "soil_suitability_score": 0.494980126619339,
            "water_availability_score": 0.18059684336185455,
            "predicted_ndvi": 0.32442301511764526
        },
        "class_names": {
            "0": "Bad/High Risk",
            "1": "Good/Low Risk"
        }
    }
}